tick	outerResourceControl	captureUsedProducerLowerBound	oldGateLowerBound	logisticsCpuUsedV1	logisticsBytes	dataBytesAttested	dataBytesObserved	snapshotByteMismatch	bucket	available	complete	projectionTruncated	effectiveAuthorityLegacy	comparisons	matched	different	unresolved	reasonEqual	reasonExpectedPolicyDifference	reasonUnsafeCandidate	matcherIndexBuilds	matcherBudgetExhausted	nonLegacyAuthority	activeContracts	activeLeases	activeClaims	shadowObservableRecords	violations
73087820	3.180499400004919	1.389	4.569499400004919	2.617	3696	1640	1640	0	10000	1	1	0	1	2	1	1	0	1	0	1	1	0	0	0	0	0	0	0
73087830	2.463728799993987	1.313	3.776728799993987	2.248	3696	1640	1640	0	10000	1	1	0	1	2	1	1	0	1	0	1	1	0	0	0	0	0	0	0
73087840	2.732941900001606	1.475	4.207941900001606	2.449	3695	1639	1639	0	10000	1	1	0	1	2	1	1	0	1	0	1	1	0	0	0	0	0	0	0
73087850	3.72139430000243	1.701	5.422394300002431	2.991	3695	1639	1639	0	10000	1	1	0	1	2	1	1	0	1	0	1	1	0	0	0	0	0	0	0
73087860	3.6834434000047622	3.111	6.794443400004763	4.619	3696	1640	1640	0	10000	1	1	0	1	2	1	1	0	1	0	1	1	0	0	0	0	0	0	0
73087870	3.0213794000083	1.689	4.7103794000083	2.762	3695	1639	1640	1	10000	1	1	0	1	2	1	1	0	1	0	1	1	0	0	0	0	0	0	0
73087880	2.715380199995707	1.479	4.194380199995707	2.563	3696	1640	1640	0	10000	1	1	0	1	2	1	1	0	1	0	1	1	0	0	0	0	0	0	0
73087890	3.0623059999998077	1.333	4.395305999999808	2.453	3696	1640	1640	0	10000	1	1	0	1	2	1	1	0	1	0	1	1	0	0	0	0	0	0	0
73087900	3.0444311999963247	1.257	4.301431199996324	2.19	3716	1640	1640	0	10000	1	1	0	1	2	1	1	0	1	0	1	1	0	0	0	0	0	0	0
73087910	2.8052141000007396	1.372	4.1772141000007394	2.404	3695	1639	1639	0	10000	1	1	0	1	2	1	1	0	1	0	1	1	0	0	0	0	0	0	0
73087920	2.8155308999994304	1.212	4.02753089999943	2.323	3695	1639	1639	0	10000	1	1	0	1	2	1	1	0	1	0	1	1	0	0	0	0	0	0	0
73087930	3.463362500006042	1.606	5.069362500006042	2.947	3695	1639	1639	0	10000	1	1	0	1	2	1	1	0	1	0	1	1	0	0	0	0	0	0	0
73087940	2.5244661000106134	1.217	3.7414661000106135	2.15	3694	1639	1639	0	10000	1	1	0	1	2	1	1	0	1	0	1	1	0	0	0	0	0	0	0
73087950	2.517160100003821	1.033	3.5501601000038208	1.949	3696	1640	1640	0	10000	1	1	0	1	2	1	1	0	1	0	1	1	0	0	0	0	0	0	0
73087960	2.534053599993058	1.494	4.028053599993058	2.501	3695	1639	1639	0	10000	1	1	0	1	2	1	1	0	1	0	1	1	0	0	0	0	0	0	0
73087970	4.909641299993382	1.35	6.2596412999933815	3.878	5148	2393	2393	0	10000	1	1	0	1	4	1	3	0	1	1	2	1	0	0	0	0	0	0	0
73087980	2.9419040999928256	1.537	4.478904099992826	2.645	5015	2394	2394	0	10000	1	1	0	1	4	2	2	0	2	1	1	1	0	0	0	0	0	0	0
73087990	2.7307696000061696	1.53	4.26076960000617	2.719	4993	2393	2393	0	10000	1	1	0	1	4	2	2	0	2	1	1	1	0	0	0	0	0	0	0
73088000	2.862845699994068	1.041	3.903845699994068	2.213	4995	2394	2394	0	10000	1	1	0	1	4	2	2	0	2	1	1	1	0	0	0	0	0	0	0
73088010	3.00744599999598	1.71	4.71744599999598	2.907	4992	2392	2392	0	10000	1	1	0	1	4	2	2	0	2	1	1	1	0	0	0	0	0	0	0
73088020	3.426081100005831	1.479	4.905081100005831	2.833	4995	2394	2394	0	10000	1	1	0	1	4	2	2	0	2	1	1	1	0	0	0	0	0	0	0
73088030	2.9606538000007276	1.326	4.286653800000728	2.464	4994	2393	2393	0	10000	1	1	0	1	4	2	2	0	2	1	1	1	0	0	0	0	0	0	0
73088040	2.9375125000005937	1.442	4.379512500000594	2.594	4995	2394	2394	0	10000	1	1	0	1	4	2	2	0	2	1	1	1	0	0	0	0	0	0	0
73088050	3.380327599996235	1.531	4.911327599996235	2.765	4995	2394	2394	0	10000	1	1	0	1	4	2	2	0	2	1	1	1	0	0	0	0	0	0	0
73088060	3.469542700011516	1.443	4.912542700011516	2.729	4995	2394	2394	0	10000	1	1	0	1	4	2	2	0	2	1	1	1	0	0	0	0	0	0	0
73088070	3.362905000001774	1.806	5.168905000001774	3.083	4995	2394	2394	0	10000	1	1	0	1	4	2	2	0	2	1	1	1	0	0	0	0	0	0	0
73088080	3.258473400004732	1.682	4.940473400004732	3.064	4994	2393	2393	0	10000	1	1	0	1	4	2	2	0	2	1	1	1	0	0	0	0	0	0	0
73088090	3.4136622000078205	1.756	5.169662200007821	2.994	3695	1639	1639	0	10000	1	1	0	1	2	1	1	0	1	0	1	1	0	0	0	0	0	0	0
73088100	2.86436410000897	1.356	4.22036410000897	2.312	3696	1640	1640	0	10000	1	1	0	1	2	1	1	0	1	0	1	1	0	0	0	0	0	0	0
73088110	3.0132478999876184	1.369	4.382247899987618	2.479	3696	1640	1640	0	10000	1	1	0	1	2	1	1	0	1	0	1	1	0	0	0	0	0	0	0
73088120	2.6853800999961095	1.398	4.083380099996109	2.324	3696	1640	1640	0	10000	1	1	0	1	2	1	1	0	1	0	1	1	0	0	0	0	0	0	0
73088130	3.176700800002436	1.322	4.498700800002436	2.674	3696	1640	1640	0	10000	1	1	0	1	2	1	1	0	1	0	1	1	0	0	0	0	0	0	0
73088140	2.518474399999832	2.1	4.6184743999998314	2.974	3692	1638	1638	0	10000	1	1	0	1	2	1	1	0	1	0	1	1	0	0	0	0	0	0	0
73088150	3.036278700004914	1.289	4.3252787000049135	2.254	3695	1639	1639	0	10000	1	1	0	1	2	1	1	0	1	0	1	1	0	0	0	0	0	0	0
73088160	2.5390832999983104	1.175	3.71408329999831	2.06	3695	1640	1640	0	10000	1	1	0	1	2	1	1	0	1	0	1	1	0	0	0	0	0	0	0
73088170	2.581143500006874	1.598	4.179143500006874	2.498	3696	1640	1640	0	10000	1	1	0	1	2	1	1	0	1	0	1	1	0	0	0	0	0	0	0
73088180	3.5082359000080032	1.739	5.247235900008003	2.759	3695	1639	1639	0	10000	1	1	0	1	2	1	1	0	1	0	1	1	0	0	0	0	0	0	0
73088190	2.5462553999968804	1.399	3.9452553999968805	2.278	3695	1639	1639	0	10000	1	1	0	1	2	1	1	0	1	0	1	1	0	0	0	0	0	0	0
73088200	2.549377999996068	2.51	5.059377999996068	3.43	3692	1638	1638	0	10000	1	1	0	1	2	1	1	0	1	0	1	1	0	0	0	0	0	0	0
73088210	2.755476099991938	1.297	4.052476099991938	2.419	3695	1639	1639	0	10000	1	1	0	1	2	1	1	0	1	0	1	1	0	0	0	0	0	0	0
73088220	2.672949499989045	1.221	3.893949499989045	2.184	3695	1639	1639	0	10000	1	1	0	1	2	1	1	0	1	0	1	1	0	0	0	0	0	0	0
73088230	3.1629715000017313	1.501	4.663971500001731	2.464	3696	1640	1640	0	10000	1	1	0	1	2	1	1	0	1	0	1	1	0	0	0	0	0	0	0
73088240	2.78130709999823	1.156	3.93730709999823	2.064	3695	1639	1640	1	10000	1	1	0	1	2	1	1	0	1	0	1	1	0	0	0	0	0	0	0
73088250	2.9945382999867434	1.311	4.305538299986743	2.286	3696	1640	1640	0	10000	1	1	0	1	2	1	1	0	1	0	1	1	0	0	0	0	0	0	0
73088260	2.5211991999967722	1.415	3.9361991999967723	2.39	3695	1640	1640	0	10000	1	1	0	1	2	1	1	0	1	0	1	1	0	0	0	0	0	0	0
73088270	2.4380317000031937	1.342	3.7800317000031938	2.253	3695	1639	1639	0	10000	1	1	0	1	2	1	1	0	1	0	1	1	0	0	0	0	0	0	0
73088280	3.0005598999850918	1.348	4.348559899985092	2.382	3695	1639	1639	0	10000	1	1	0	1	2	1	1	0	1	0	1	1	0	0	0	0	0	0	0
73088290	2.3820043000014266	1.177	3.5590043000014266	2.068	3695	1639	1639	0	10000	1	1	0	1	2	1	1	0	1	0	1	1	0	0	0	0	0	0	0
73088300	3.305049799979315	1.404	4.709049799979315	2.537	3695	1639	1639	0	10000	1	1	0	1	2	1	1	0	1	0	1	1	0	0	0	0	0	0	0
73088310	2.5249821999896085	1.38	3.9049821999896084	2.346	3693	1638	1638	0	10000	1	1	0	1	2	1	1	0	1	0	1	1	0	0	0	0	0	0	0
73088320	2.9206567000219366	1.228	4.148656700021936	2.302	3695	1639	1639	0	10000	1	1	0	1	2	1	1	0	1	0	1	1	0	0	0	0	0	0	0
73088330	2.7162057000095956	1.324	4.0402057000095954	2.356	3696	1640	1640	0	10000	1	1	0	1	2	1	1	0	1	0	1	1	0	0	0	0	0	0	0
73088340	3.496032800001558	1.494	4.990032800001558	2.537	3695	1639	1639	0	10000	1	1	0	1	2	1	1	0	1	0	1	1	0	0	0	0	0	0	0
73088350	3.3259928000043146	1.671	4.996992800004315	2.869	3696	1640	1640	0	10000	1	1	0	1	2	1	1	0	1	0	1	1	0	0	0	0	0	0	0
73088360	2.6734720999957062	1.168	3.8414720999957064	2.176	3695	1639	1639	0	10000	1	1	0	1	2	1	1	0	1	0	1	1	0	0	0	0	0	0	0
73088370	3.3793578000040725	1.296	4.675357800004073	2.469	3696	1640	1640	0	10000	1	1	0	1	2	1	1	0	1	0	1	1	0	0	0	0	0	0	0
73088380	2.880088900012197	1.277	4.157088900012197	2.167	3696	1640	1640	0	10000	1	1	0	1	2	1	1	0	1	0	1	1	0	0	0	0	0	0	0
73088390	2.616672500007553	1.439	4.055672500007553	2.49	3695	1640	1640	0	10000	1	1	0	1	2	1	1	0	1	0	1	1	0	0	0	0	0	0	0
73088400	2.8941028999979608	1.29	4.184102899997961	2.326	3694	1639	1639	0	10000	1	1	0	1	2	1	1	0	1	0	1	1	0	0	0	0	0	0	0
73088410	3.3143265999970026	1.646	4.9603265999970025	2.742	3695	1639	1639	0	10000	1	1	0	1	2	1	1	0	1	0	1	1	0	0	0	0	0	0	0
73088420	3.1755490000214195	1.384	4.55954900002142	2.471	3695	1639	1639	0	10000	1	1	0	1	2	1	1	0	1	0	1	1	0	0	0	0	0	0	0
73088430	2.970180200005416	1.948	4.918180200005416	3.036	3694	1638	1638	0	10000	1	1	0	1	2	1	1	0	1	0	1	1	0	0	0	0	0	0	0
73088440	2.851903599992511	1.491	4.3429035999925105	2.579	3694	1638	1638	0	10000	1	1	0	1	2	1	1	0	1	0	1	1	0	0	0	0	0	0	0
73088450	2.5394303999928525	1.009	3.5484303999928524	1.967	3694	1638	1638	0	10000	1	1	0	1	2	1	1	0	1	0	1	1	0	0	0	0	0	0	0
73088460	3.320980000004056	1.438	4.758980000004056	2.717	3695	1639	1638	1	10000	1	1	0	1	2	1	1	0	1	0	1	1	0	0	0	0	0	0	0
73088470	3.0409976999799255	1.54	4.580997699979926	2.655	3693	1638	1638	0	10000	1	1	0	1	2	1	1	0	1	0	1	1	0	0	0	0	0	0	0
73088480	4.445637299999362	1.178	5.623637299999362	2.342	3696	1640	1640	0	10000	1	1	0	1	2	1	1	0	1	0	1	1	0	0	0	0	0	0	0
73088490	2.607723299995996	1.347	3.954723299995996	2.341	3704	1648	1648	0	10000	1	1	0	1	2	1	1	0	1	0	1	1	0	0	0	0	0	0	0
73088500	2.2191584999818588	0.857	3.076158499981859	1.241	1719	229	229	0	10000	1	1	0	1	0	0	0	0	0	0	0	1	0	0	0	0	0	0	0
73088510	3.4802391000121133	1.578	5.058239100012114	2.804	3692	1634	1634	0	10000	1	1	0	1	2	1	1	0	1	0	1	1	0	0	0	0	0	0	0
73088520	3.28785860001517	1.524	4.81185860001517	2.808	3691	1633	1633	0	10000	1	1	0	1	2	1	1	0	1	0	1	1	0	0	0	0	0	0	0
73088530	3.1765590999857523	1.363	4.539559099985752	2.435	3691	1633	1633	0	10000	1	1	0	1	2	1	1	0	1	0	1	1	0	0	0	0	0	0	0
73088540	2.5825136999919778	1.315	3.8975136999919777	2.306	3692	1634	1634	0	10000	1	1	0	1	2	1	1	0	1	0	1	1	0	0	0	0	0	0	0
73088550	3.090401599998586	1.393	4.483401599998586	2.511	3691	1633	1633	0	10000	1	1	0	1	2	1	1	0	1	0	1	1	0	0	0	0	0	0	0
73088560	2.623266099995817	1.333	3.9562660999958172	2.348	3692	1634	1634	0	10000	1	1	0	1	2	1	1	0	1	0	1	1	0	0	0	0	0	0	0
73088570	3.3037667000025976	1.825	5.128766700002598	2.821	3691	1633	1633	0	10000	1	1	0	1	2	1	1	0	1	0	1	1	0	0	0	0	0	0	0
73088580	2.7848924999852898	1.457	4.24189249998529	2.36	3690	1633	1633	0	10000	1	1	0	1	2	1	1	0	1	0	1	1	0	0	0	0	0	0	0
73088590	2.4445355999923777	1.293	3.737535599992378	2.168	3692	1634	1634	0	10000	1	1	0	1	2	1	1	0	1	0	1	1	0	0	0	0	0	0	0
73088600	3.0431712999852607	1.243	4.286171299985261	2.367	5000	2397	2397	0	10000	1	1	0	1	4	2	2	0	2	1	1	1	0	0	0	0	0	0	0
73088610	2.767051300004823	11.195	13.962051300004823	12.344	5003	2398	2398	0	10000	1	1	0	1	4	2	2	0	2	1	1	1	0	0	0	0	0	0	0
73088620	2.9171440999925835	1.496	4.413144099992584	2.749	5000	2397	2397	0	10000	1	1	0	1	4	2	2	0	2	1	1	1	0	0	0	0	0	0	0
73088630	3.0286724000034155	1.532	4.560672400003416	2.767	5001	2398	2398	0	10000	1	1	0	1	4	2	2	0	2	1	1	1	0	0	0	0	0	0	0
73088640	2.592093399987789	1.446	4.038093399987789	2.357	3701	1643	1644	1	10000	1	1	0	1	2	1	1	0	1	0	1	1	0	0	0	0	0	0	0
73088650	3.314217399980407	1.434	4.748217399980407	2.62	3701	1644	1644	0	10000	1	1	0	1	2	1	1	0	1	0	1	1	0	0	0	0	0	0	0
73088660	3.0294601999921724	1.621	4.650460199992173	2.754	3702	1644	1644	0	10000	1	1	0	1	2	1	1	0	1	0	1	1	0	0	0	0	0	0	0
73088670	2.6510821999982	1.546	4.1970821999982	2.499	3700	1642	1644	1	10000	1	1	0	1	2	1	1	0	1	0	1	1	0	0	0	0	0	0	0
73088680	2.386016099990229	1.287	3.673016099990229	2.14	3701	1644	1644	0	10000	1	1	0	1	2	1	1	0	1	0	1	1	0	0	0	0	0	0	0
73088690	2.7067131000076188	1.77	4.476713100007618	2.724	3699	1642	1642	0	10000	1	1	0	1	2	1	1	0	1	0	1	1	0	0	0	0	0	0	0
73088700	2.5570479999878444	1.197	3.7540479999878444	2.127	3702	1644	1644	0	10000	1	1	0	1	2	1	1	0	1	0	1	1	0	0	0	0	0	0	0
73088710	2.4829519000195432	1.478	3.960951900019543	2.341	3702	1644	1644	0	10000	1	1	0	1	2	1	1	0	1	0	1	1	0	0	0	0	0	0	0
73088720	2.884381499985466	1.296	4.180381499985466	2.267	3702	1644	1644	0	10000	1	1	0	1	2	1	1	0	1	0	1	1	0	0	0	0	0	0	0
73088730	2.4998700999713037	1.337	3.8368700999713035	2.232	3703	1645	1645	0	10000	1	1	0	1	2	1	1	0	1	0	1	1	0	0	0	0	0	0	0
73088740	3.4269377999880817	1.68	5.106937799988081	2.884	3701	1644	1644	0	10000	1	1	0	1	2	1	1	0	1	0	1	1	0	0	0	0	0	0	0
73088750	2.954753099998925	1.078	4.032753099998925	2.173	3702	1644	1644	0	10000	1	1	0	1	2	1	1	0	1	0	1	1	0	0	0	0	0	0	0
73088760	2.8449759000213817	1.609	4.453975900021382	2.642	3702	1644	1644	0	10000	1	1	0	1	2	1	1	0	1	0	1	1	0	0	0	0	0	0	0
73088770	2.4771032000135165	1.394	3.8711032000135166	2.416	3703	1645	1645	0	10000	1	1	0	1	2	1	1	0	1	0	1	1	0	0	0	0	0	0	0
73088780	4.049350499990396	1.831	5.880350499990396	3.194	3702	1644	1644	0	10000	1	1	0	1	2	1	1	0	1	0	1	1	0	0	0	0	0	0	0
73088790	2.870894000021508	1.508	4.378894000021508	2.547	3701	1643	1643	0	10000	1	1	0	1	2	1	1	0	1	0	1	1	0	0	0	0	0	0	0
73088800	2.794648999988567	1.268	4.062648999988567	2.232	3702	1644	1644	0	10000	1	1	0	1	2	1	1	0	1	0	1	1	0	0	0	0	0	0	0
73088810	6.468034300021827	1.393	7.861034300021827	5.916	3703	1645	1645	0	10000	1	1	0	1	2	1	1	0	1	0	1	1	0	0	0	0	0	0	0
